,Donald Trump,John Kasich,Ted Cruz,fips,sum,winner
0,0.454527229631,0.14577000108,0.399702769289,6003,0.760416488756,Donald Trump
1,0.560589424022,0.124398513209,0.315012062769,6005,0.746669819346,Donald Trump
2,0.445578314268,0.156094237179,0.398327448554,6007,0.73695682291,Donald Trump
3,0.546832373381,0.131452682249,0.321714944371,6009,0.772234714274,Donald Trump
4,0.579313283339,0.15288782037,0.26779889629,6017,0.752412538993,Donald Trump
5,0.416082126505,0.134924563522,0.448993309972,6021,0.765222982991,Ted Cruz
6,0.469947348877,0.138802264701,0.391250386422,6023,0.770683279629,Donald Trump
7,0.489365308597,0.141355938839,0.369278752565,6027,0.739268550431,Donald Trump
8,0.534219306416,0.117192036475,0.34858865711,6043,0.792584702671,Donald Trump
9,0.462560711231,0.128679082915,0.408760205854,6045,0.777130763744,Donald Trump
10,0.491442926423,0.141132040046,0.367425033531,6051,0.731565822641,Donald Trump
11,0.515152710415,0.151868081926,0.332979207659,6053,0.757464713106,Donald Trump
12,0.527204194829,0.199281560173,0.273514244998,6057,0.676716615126,Donald Trump
13,0.500400016665,0.213881665555,0.28571831778,6061,0.667140273883,Donald Trump
14,0.487299921112,0.150781524631,0.361918554257,6063,0.762923132573,Donald Trump
15,0.505984481573,0.166800979937,0.32721453849,6065,0.842199742322,Donald Trump
16,0.447961055742,0.200903161169,0.351135783089,6067,0.710238067468,Donald Trump
17,0.530930701025,0.128108376287,0.340960922688,6069,0.805937753406,Donald Trump
18,0.509166553499,0.129010752954,0.361822693547,6071,0.81001,Donald Trump
19,0.477468759569,0.133766287589,0.388764952843,6089,0.74476911781,Donald Trump
20,0.440672616633,0.132982499926,0.426344883441,6091,0.776398225592,Donald Trump
21,0.539066024731,0.180066150259,0.28086782501,6095,0.781221558547,Donald Trump
22,0.440542834428,0.153625050432,0.40583211514,6105,0.806220079174,Donald Trump
23,0.481757872237,0.132287718224,0.385954409539,6109,0.767360159205,Donald Trump
24,0.482288883361,0.15264598978,0.36506512686,6113,0.684590536252,Donald Trump
25,0.421731103991,0.252941266679,0.32532762933,9003,0.701743935778,Donald Trump
26,0.458923325264,0.264647089604,0.276429585132,9005,0.636737237166,Donald Trump
27,0.486325011819,0.210562238579,0.303112749603,9007,0.584366639785,Donald Trump
28,0.476454573304,0.220651265331,0.302894161365,9009,0.646672352967,Donald Trump
29,0.475364127236,0.208435627572,0.316200245192,9011,0.674892100672,Donald Trump
30,0.489904362937,0.189682680488,0.320412956575,9013,0.652962094396,Donald Trump
31,0.47933688143,0.153028520117,0.367634598453,9015,0.699036914801,Donald Trump
32,0.485942034008,0.208359036777,0.305698929215,10003,0.675140184572,Donald Trump
33,0.513604679169,0.142599943883,0.343795376948,10005,0.627649859738,Donald Trump
34,0.472902886009,0.140546784354,0.386550329637,15001,0.761117268326,Donald Trump
35,0.427539738838,0.271625512379,0.300834748782,18057,0.680874397706,Donald Trump
36,0.41444289777,0.261835409598,0.323721692632,20091,0.706332491189,Donald Trump
37,0.547736650678,0.196265210485,0.255998138837,24003,0.642623394212,Donald Trump
38,0.579809329012,0.181591025747,0.238599645241,24005,0.694553132284,Donald Trump
39,0.542606837468,0.19758331713,0.259809845402,24009,0.682533043863,Donald Trump
40,0.536272264804,0.121624815182,0.342102920014,24011,0.763697895415,Donald Trump
41,0.523896625644,0.226149793098,0.249953581258,24013,0.705225586596,Donald Trump
42,0.552460382158,0.161352097324,0.286187520517,24015,0.712942161977,Donald Trump
43,0.532620573161,0.183356524638,0.284022902201,24017,0.671072644222,Donald Trump
44,0.57866439952,0.16556771024,0.255767890241,24021,0.694789539212,Donald Trump
45,0.557025234525,0.188410173193,0.254564592282,24025,0.657372148346,Donald Trump
46,0.556331675646,0.148727558384,0.29494076597,24029,0.623344697207,Donald Trump
47,0.502802597683,0.229305985965,0.267891416353,24033,0.787744537967,Donald Trump
48,0.56783370159,0.177579510915,0.254586787495,24035,0.64779271276,Donald Trump
49,0.540714607372,0.169087573191,0.290197819436,24037,0.655553275119,Donald Trump
50,0.558136539051,0.15995879492,0.281904666029,24041,0.645462333152,Donald Trump
51,0.552772763728,0.191636862712,0.25559037356,24047,0.558204632791,Donald Trump
52,0.284124758851,0.512106440683,0.203768800466,27019,0.984170398887,John Kasich
53,0.515870888292,0.196875458358,0.287253653351,27031,0.722998988981,Donald Trump
54,0.495260585304,0.189393030105,0.315346384591,27037,0.653960709397,Donald Trump
55,0.451935632213,0.234999932721,0.313064435067,27053,0.656221980265,Donald Trump
56,0.463430229944,0.18713260804,0.349437162016,27139,0.661860066076,Donald Trump
57,0.45416316515,0.273442953048,0.272393881802,27163,0.67463534303,Donald Trump
58,0.431119917261,0.220361980561,0.348518102178,30029,0.807215351743,Donald Trump
59,0.461922554849,0.252490353692,0.285587091458,30031,0.778052182915,Donald Trump
60,0.447640772164,0.244582987044,0.307776240792,30043,0.747984439618,Donald Trump
61,0.437919849839,0.135448808237,0.426631341924,30047,0.771509187571,Donald Trump
62,0.440523975141,0.226348263825,0.333127761034,30057,0.817072126014,Donald Trump
63,0.442460177479,0.224697390275,0.332842432246,30063,0.791640585731,Donald Trump
64,0.3926160221,0.182470387772,0.424913590128,30081,0.874041111234,Ted Cruz
65,0.459993938278,0.207243562279,0.332762499444,34001,0.688509072937,Donald Trump
66,0.590318422441,0.161686750391,0.247994827168,34005,0.685559652348,Donald Trump
67,0.474138008864,0.19957482576,0.326287165376,34007,0.84434825894,Donald Trump
68,0.551934723463,0.184767661067,0.26329761547,34009,0.6826119625,Donald Trump
69,0.535309221426,0.205484070644,0.25920670793,34013,0.750482121212,Donald Trump
70,0.541848297178,0.171163782468,0.286987920354,34015,0.723608689505,Donald Trump
71,0.519457250867,0.210137731264,0.270405017869,34017,0.733862121212,Donald Trump
72,0.473379342874,0.261695726622,0.264924930504,34021,0.64391825894,Donald Trump
73,0.499427451305,0.240570626692,0.260001922004,34023,0.769340970337,Donald Trump
74,0.575455651671,0.169506525369,0.255037822959,34029,0.725904489847,Donald Trump
75,0.492662837517,0.202383842452,0.304953320031,34031,0.703320757348,Donald Trump
76,0.512029126994,0.22118002266,0.266790850346,34037,0.721071544248,Donald Trump
77,0.512125507252,0.226038612637,0.261835880111,34039,0.772545,Donald Trump
78,0.552425702423,0.155895981799,0.291678315778,34041,0.711024819936,Donald Trump
79,0.314445915839,0.445875233463,0.239678850699,35028,0.96888090564,John Kasich
80,0.517702377394,0.143323351704,0.338974270901,35049,0.72038070384,Donald Trump
81,0.470116481176,0.19714229557,0.332741223254,36001,0.714026458238,Donald Trump
82,0.501280519483,0.190070399626,0.308649080891,36005,0.811342121212,Donald Trump
83,0.477016210065,0.156208995732,0.366774794203,36021,0.684804252651,Donald Trump
84,0.554242440841,0.183112385487,0.262645173672,36027,0.768225252337,Donald Trump
85,0.534155389024,0.192225336317,0.273619274658,36071,0.802246593329,Donald Trump
86,0.495215933867,0.205277777893,0.29950628824,36079,0.751236314009,Donald Trump
87,0.514936330933,0.260940463951,0.224123205116,36091,0.615605429222,Donald Trump
88,0.511950299537,0.140110486531,0.347939213932,36111,0.661681628143,Donald Trump
89,0.49299854775,0.162030915731,0.344970536519,41003,0.709955335295,Donald Trump
90,0.563021405934,0.165420090199,0.271558503867,41005,0.646672266051,Donald Trump
91,0.499620519587,0.13906801216,0.361311468253,41007,0.742423619738,Donald Trump
92,0.535565747279,0.13080363665,0.333630616071,41009,0.817810477742,Donald Trump
93,0.445547571324,0.173599003931,0.380853424745,41015,0.82963675648,Donald Trump
94,0.520682050686,0.198685429102,0.280632520213,41017,0.692826644225,Donald Trump
95,0.449530636844,0.170594705107,0.379874658049,41027,0.739323155712,Donald Trump
96,0.473515126815,0.139002946273,0.387481926912,41029,0.7427711408,Donald Trump
97,0.459644112268,0.139340591617,0.401015296116,41033,0.717977926909,Donald Trump
98,0.488254533125,0.140867840827,0.370877626048,41039,0.732937882568,Donald Trump
99,0.500268155858,0.142273587094,0.357458257048,41041,0.725696027536,Donald Trump
100,0.485112935526,0.202947460686,0.311939603789,41051,0.70308380531,Donald Trump
101,0.469451196773,0.137342363093,0.393206440134,41053,0.751751860476,Donald Trump
102,0.420274233186,0.130869992848,0.448855773966,41057,0.764120726285,Ted Cruz
103,0.471215880333,0.260425895111,0.268358224556,41067,0.700038346212,Donald Trump
104,0.445677171615,0.14573572034,0.408587108044,41071,0.734017606183,Donald Trump
105,0.554172472897,0.191470434577,0.254357092526,42017,0.704323584761,Donald Trump
106,0.499766400379,0.221224395851,0.27900920377,42029,0.635010174993,Donald Trump
107,0.5714539592,0.202199263032,0.226346777768,42045,0.695707573001,Donald Trump
108,0.513042281353,0.233136153062,0.253821565585,42091,0.612041809314,Donald Trump
109,0.49517865068,0.169799417703,0.335021931617,42095,0.729422998015,Donald Trump
110,0.387375170557,0.424428963188,0.188195866255,44001,0.762200575498,John Kasich
111,0.458313428042,0.25564923299,0.286037338968,44003,0.706571797045,Donald Trump
112,0.546032760094,0.210884945102,0.243082294804,44005,0.674968795325,Donald Trump
113,0.415920298506,0.21828534285,0.365794358644,44007,0.799985,Donald Trump
114,0.489483277054,0.296301798106,0.21421492484,44009,0.594378386298,Donald Trump
115,0.535104527072,0.149469529851,0.315425943077,54037,0.758337819006,Donald Trump
116,0.497366048628,0.180194628719,0.322439322653,55025,0.687343464134,Donald Trump
117,0.392718962841,0.429269647583,0.178011389576,55089,0.753605575938,John Kasich
118,0.524756531213,0.220803058137,0.25444041065,55131,0.652274093325,Donald Trump
119,0.432312752671,0.302325258769,0.265361988561,55133,0.664514134871,Donald Trump
0,0.458647489575,0.150228180736,0.391124329689,18001,0.879615019667,Donald Trump
1,0.341796709865,0.293633856012,0.364569434122,18003,0.984920210652,Ted Cruz
2,0.440523600024,0.125685213809,0.433791186167,18007,0.803168726247,Donald Trump
3,0.418023560282,0.257754750864,0.324221688854,18009,0.942301947048,Donald Trump
4,0.434159483182,0.188309090773,0.377531426046,18015,0.85528769206,Donald Trump
5,0.458332037784,0.071841075243,0.469826886973,18017,0.782470432966,Ted Cruz
6,0.413256222322,0.282775031288,0.30396874639,18021,0.964137275782,Donald Trump
7,0.430587536113,0.120867866509,0.448544597378,18023,0.798274030074,Ted Cruz
8,0.534193931833,0.123769656047,0.34203641212,18025,0.856203991153,Donald Trump
9,0.502137985127,0.112088977512,0.385773037361,18027,0.820202464723,Donald Trump
10,0.415177770111,0.245860082692,0.338962147197,18031,0.93653629833,Donald Trump
11,0.387754771583,0.306423899318,0.305821329099,18033,0.94722458481,Donald Trump
12,0.448257249729,0.264502857577,0.287239892694,18035,0.879056170199,Donald Trump
13,0.565789073566,0.169240956031,0.264969970403,18041,0.824964839443,Donald Trump
14,0.477685675658,0.150401127005,0.371913197337,18045,0.813115836715,Donald Trump
15,0.477000926679,0.135209209891,0.38778986343,18049,0.832662254775,Donald Trump
16,0.404670869538,0.245739588852,0.34958954161,18051,0.864644048919,Donald Trump
17,0.430420189181,0.225341552453,0.344238258366,18053,0.878486058098,Donald Trump
18,0.48923692549,0.142212560327,0.368550514183,18055,0.845140031725,Donald Trump
19,0.420895877871,0.292515218968,0.286588903161,18065,0.988375738463,Donald Trump
20,0.418270588158,0.282788334745,0.298941077096,18067,0.851153864209,Donald Trump
21,0.382259131149,0.313993322544,0.303747546307,18069,0.953691593575,Donald Trump
22,0.402077479075,0.249873293675,0.34804922725,18071,0.927736529151,Donald Trump
23,0.475379311079,0.120211612416,0.404409076505,18075,0.831659830302,Donald Trump
24,0.498435515033,0.16754596631,0.334018518657,18077,0.821874544362,Donald Trump
25,0.449970233941,0.20990492626,0.340124839798,18079,0.898242918286,Donald Trump
26,0.437898114788,0.218686978915,0.343414906297,18083,0.8770100283,Donald Trump
27,0.461301866693,0.224742404766,0.31395572854,18093,0.902221214799,Donald Trump
28,0.449358509709,0.267119894877,0.283521595413,18095,0.881930915395,Donald Trump
29,0.41079399672,0.305063802727,0.284142200553,18097,0.966140605989,Donald Trump
30,0.461924964043,0.198765052403,0.339309983554,18101,0.891245543297,Donald Trump
31,0.475155169761,0.124519827366,0.400325002873,18103,0.840144336539,Donald Trump
32,0.416807605855,0.267079698191,0.316112695954,18107,0.896064987019,Donald Trump
33,0.460774328997,0.131199195022,0.408026475981,18111,0.831419029439,Donald Trump
34,0.440695922378,0.174370648682,0.38493342894,18113,0.873737531357,Donald Trump
35,0.530498735236,0.113037982642,0.356463282122,18117,0.844906984241,Donald Trump
36,0.506078237003,0.149217210687,0.344704552309,18119,0.873728863378,Donald Trump
37,0.481797626609,0.1270589135,0.39114345989,18121,0.859865544047,Donald Trump
38,0.500422940259,0.142660489956,0.356916569785,18123,0.820508113011,Donald Trump
39,0.466154635727,0.177857338701,0.355988025572,18125,0.849103045619,Donald Trump
40,0.499879397683,0.0685198063097,0.431600796007,18131,0.781207715356,Donald Trump
41,0.48158215251,0.142881327543,0.375536519947,18135,0.804903120368,Donald Trump
42,0.460028349928,0.206291927436,0.333679722636,18139,0.866210731172,Donald Trump
43,0.391932027334,0.331085849561,0.276982123105,18141,0.918632762609,Donald Trump
44,0.56607584272,0.0695106541389,0.364413503141,18143,0.793156548894,Donald Trump
45,0.450723208255,0.178928245803,0.370348545941,18147,0.871875927694,Donald Trump
46,0.500516728405,0.139593795984,0.359889475611,18149,0.865479027193,Donald Trump
47,0.49172269512,0.120585401871,0.38769190301,18153,0.832872648503,Donald Trump
48,0.514175282493,0.115010235566,0.370814481941,18155,0.908179201193,Donald Trump
49,0.448894672425,0.194238393859,0.356866933717,18159,0.821223743022,Donald Trump
50,0.459727588304,0.153431376849,0.386841034847,18161,0.870553973503,Donald Trump
51,0.366360023372,0.306877541921,0.326762434707,18163,0.988173510069,Donald Trump
52,0.418714749899,0.255023374304,0.326261875797,18165,0.885408383356,Donald Trump
53,0.423554170814,0.293274567087,0.283171262099,18167,0.898554645181,Donald Trump
54,0.418575441942,0.268359957352,0.313064600706,18169,0.923250204175,Donald Trump
55,0.487976658936,0.0621844902194,0.449838850844,18171,0.782427087021,Donald Trump
56,0.51671160303,0.116940740383,0.366347656588,18175,0.863693244319,Donald Trump
57,0.484928943447,0.168297440377,0.346773616176,18177,0.833503308899,Donald Trump
58,0.415309246901,0.255679537005,0.329011216094,18179,0.849616051546,Donald Trump
59,0.427035409305,0.180155584907,0.392809005789,18181,0.822022859212,Donald Trump
60,0.45403910201,0.0844838656976,0.461477032293,20001,0.762694732491,Ted Cruz
61,0.490674586556,0.113166031832,0.396159381612,20003,0.792666378225,Donald Trump
62,0.437403275227,0.155973229779,0.406623494993,20005,0.778144893157,Donald Trump
63,0.430379869279,0.0285930651468,0.541027065574,20007,0.703791354218,Ted Cruz
64,0.41749168294,0.0364958528217,0.546012464239,20009,0.749653520988,Ted Cruz
65,0.45859870985,0.0620010675591,0.479400222591,20011,0.797792286356,Ted Cruz
66,0.477647354366,0.0267038195016,0.495648826133,20013,0.701700189051,Ted Cruz
67,0.486508237925,0.0641680953952,0.44932366668,20017,0.750394196429,Donald Trump
68,0.433788126147,0.0930211595466,0.473190714306,20019,0.808261422081,Ted Cruz
69,0.41869825099,0.1369014772,0.444400271811,20021,0.846390939645,Ted Cruz
70,0.458987676132,0.0684047554987,0.47260756837,20023,0.737202570947,Ted Cruz
71,0.383538451172,-0.0033546364974,0.619816185326,20025,0.696210359129,Ted Cruz
72,0.432758796236,0.0851491485468,0.482092055217,20027,0.722699141545,Ted Cruz
73,0.430305525253,0.11013480767,0.459559667077,20029,0.828554371559,Ted Cruz
74,0.475197486306,0.0164147706138,0.508387743081,20031,0.663214006207,Ted Cruz
75,0.401176721528,0.0758614040219,0.52296187445,20033,0.738063924737,Ted Cruz
76,0.422024919918,0.106118569374,0.471856510708,20035,0.799260398769,Ted Cruz
77,0.415254773056,0.182790323531,0.401954903413,20037,0.83782035532,Donald Trump
78,0.418322562427,0.107056825698,0.474620611875,20039,0.761109931807,Ted Cruz
79,0.458370280335,0.0645503229423,0.477079396723,20041,0.752645799251,Ted Cruz
80,0.485881477555,0.0637481901457,0.450370332299,20043,0.710777947691,Donald Trump
81,0.410036484741,0.0180109639577,0.571952551302,20047,0.756445900636,Ted Cruz
82,0.45923884108,0.131224522509,0.409536636411,20049,0.859425190331,Donald Trump
83,0.417087116408,0.104610846946,0.478302036646,20053,0.796087287897,Ted Cruz
84,0.405094082527,0.0372047079657,0.557701209507,20055,0.754405165517,Ted Cruz
85,0.370615405617,0.0357803165594,0.593604277824,20057,0.735972985118,Ted Cruz
86,0.459566151169,0.013105473959,0.527328374872,20063,0.660703142583,Ted Cruz
87,0.370716302904,0.13814076513,0.491142931966,20065,0.767874682428,Ted Cruz
88,0.357571202822,0.0203512420542,0.622077555124,20067,0.694256242644,Ted Cruz
89,0.450209679823,0.0321846523415,0.517605667836,20069,0.772354602083,Ted Cruz
90,0.325341243531,0.0289453871313,0.645713369338,20071,0.636970296632,Ted Cruz
91,0.447778658878,0.073466408667,0.478754932455,20073,0.803235722926,Ted Cruz
92,0.352259966996,0.0190867688697,0.628653264134,20075,0.705379788283,Ted Cruz
93,0.430668397558,0.0778923926946,0.491439209748,20077,0.796260243508,Ted Cruz
94,0.437366969088,0.101722038057,0.460910992856,20079,0.730653000731,Ted Cruz
95,0.411126187919,0.0246334836733,0.564240328407,20081,0.755253875129,Ted Cruz
96,0.410036855708,0.0243162625844,0.565646881708,20083,0.666734379886,Ted Cruz
97,0.438923402483,0.0608527018347,0.500223895682,20085,0.734922203521,Ted Cruz
98,0.441014684035,0.0871104967243,0.471874819241,20089,0.76553875479,Ted Cruz
99,0.380689167223,0.0367840975216,0.582526735256,20093,0.742714688624,Ted Cruz
100,0.493751606113,0.0520719643157,0.454176429571,20095,0.742376419915,Donald Trump
101,0.465331700479,0.0496058341663,0.485062465355,20097,0.717014611191,Ted Cruz
102,0.405901852677,0.15025257053,0.443845576794,20099,0.792992247974,Ted Cruz
103,0.406533244209,0.0216411032259,0.571825652566,20101,0.672500547238,Ted Cruz
104,0.48559698771,0.0256283862373,0.488774626053,20105,0.689826872802,Ted Cruz
105,0.519044652997,0.0502778142315,0.430677532772,20107,0.753147335725,Donald Trump
106,0.437341900337,0.0396896020236,0.522968497639,20109,0.73805457745,Ted Cruz
107,0.429997224284,0.0793242407227,0.490678534993,20111,0.779454922897,Ted Cruz
108,0.445647792714,0.075075598911,0.479276608375,20115,0.7979980516,Ted Cruz
109,0.467484392941,0.0353990780566,0.497116529003,20117,0.678251178796,Ted Cruz
110,0.390092336519,0.0533530022698,0.556554661211,20119,0.777374071127,Ted Cruz
111,0.418971263047,0.0949720523368,0.486056684616,20123,0.69368426043,Ted Cruz
112,0.438007148245,0.0921755732609,0.469817278494,20125,0.740281149546,Ted Cruz
113,0.473862411372,0.0436839627863,0.482453625842,20127,0.720891825392,Ted Cruz
114,0.378194233049,0.032894604338,0.588911162613,20129,0.734662866417,Ted Cruz
115,0.473278085372,0.0635372245959,0.463184690032,20131,0.712807537828,Donald Trump
116,0.437087914865,0.120359972815,0.44255211232,20133,0.78726889953,Ted Cruz
117,0.389743556387,0.010151497147,0.600104946466,20135,0.675911649982,Ted Cruz
118,0.43887342348,0.062496368801,0.498630207719,20137,0.775517855171,Ted Cruz
119,0.494079469395,0.0443666930248,0.46155383758,20139,0.734997629797,Donald Trump
120,0.433356953542,0.0793646980521,0.487278348406,20141,0.773964663409,Ted Cruz
121,0.487765431064,0.0167470010433,0.495487567893,20143,0.684660925174,Ted Cruz
122,0.416249837475,0.0420021385905,0.541748023934,20145,0.722316441473,Ted Cruz
123,0.471259418775,0.00665485724255,0.522085723982,20147,0.667337754025,Ted Cruz
124,0.424108603376,0.0457716557169,0.530119740907,20151,0.729451479305,Ted Cruz
125,0.444415959303,0.0316401646143,0.523943876083,20153,0.719802711943,Ted Cruz
126,0.434389456622,0.11179911797,0.453811425407,20155,0.769318062139,Ted Cruz
127,0.392777214198,0.155292238535,0.451930547267,20157,0.778805734252,Ted Cruz
128,0.420303675943,0.0246411052362,0.555055218821,20159,0.737440442754,Ted Cruz
129,0.475001873429,0.0159012120292,0.509096914542,20163,0.709567179097,Ted Cruz
130,0.448399227192,0.101356144106,0.450244628702,20165,0.772462019153,Ted Cruz
131,0.415712877057,0.103777993233,0.48050912971,20167,0.800303345967,Ted Cruz
132,0.44058870725,0.0280634576693,0.531347835081,20171,0.727765511935,Ted Cruz
133,0.407885045758,0.042352869503,0.549762084739,20175,0.686919100072,Ted Cruz
134,0.456834188629,0.0395635977795,0.503602213591,20179,0.669516262429,Ted Cruz
135,0.407927086231,0.0762310760382,0.51584183773,20181,0.797337878246,Ted Cruz
136,0.432139534496,0.0833879185551,0.484472546949,20183,0.745632469401,Ted Cruz
137,0.423095302112,0.0505493066338,0.526355391255,20185,0.781411653116,Ted Cruz
138,0.351051710019,0.0508435488605,0.598104741121,20187,0.730435126647,Ted Cruz
139,0.374576469064,0.0220712301249,0.603352300811,20189,0.719209299082,Ted Cruz
140,0.45928810399,0.024583260502,0.516128635508,20191,0.741020306467,Ted Cruz
141,0.424705762336,0.0577942759351,0.517499961729,20193,0.693858609484,Ted Cruz
142,0.440948855417,0.0752450870477,0.483806057535,20195,0.746659649899,Ted Cruz
143,0.421729149325,0.0829471173247,0.495323733351,20197,0.772145112194,Ted Cruz
144,0.408113589035,0.0281403921271,0.563746018838,20199,0.746315999064,Ted Cruz
145,0.442541305128,0.0666205184105,0.490838176462,20201,0.768351446558,Ted Cruz
146,0.393728075417,0.0187484659972,0.587523458586,20203,0.743590244686,Ted Cruz
147,0.494695964064,0.041142656994,0.464161378942,20205,0.778260488543,Donald Trump
148,0.456091728229,0.108333517465,0.435574754306,20207,0.798478037494,Donald Trump
149,0.419434084249,0.18075287046,0.399813045291,20209,0.873221448082,Donald Trump
150,0.491739919148,0.079206123024,0.429053957828,27011,0.704504669407,Donald Trump
151,0.467009991488,0.0609156798565,0.472074328656,27023,0.714230474584,Ted Cruz
152,0.463749396553,0.139347699016,0.396902904431,27029,0.866808559754,Donald Trump
153,0.430779167813,0.0717997318178,0.497421100369,27033,0.773093590098,Ted Cruz
154,0.463926588292,0.0609361539317,0.475137257776,27043,0.740767211862,Ted Cruz
155,0.433577532486,0.125805320086,0.440617147428,27047,0.764305252227,Ted Cruz
156,0.487143495857,0.0764210131251,0.436435491018,27051,0.719515778815,Donald Trump
157,0.466432653999,0.0370230314765,0.496544314524,27063,0.700434714137,Ted Cruz
158,0.481184949911,0.0400690202854,0.478746029804,27069,0.704277113135,Donald Trump
159,0.455852157586,0.145521761214,0.398626081199,27071,0.844816774123,Donald Trump
160,0.463604683517,0.0169418503104,0.519453466173,27073,0.669543852624,Ted Cruz
161,0.487960701491,0.0345055966999,0.477533701809,27081,0.676178415973,Donald Trump
162,0.454834125857,0.0455243885541,0.499641485589,27087,0.678968793485,Ted Cruz
163,0.487769081764,0.0562676285723,0.455963289664,27089,0.739467144479,Donald Trump
164,0.460318760671,0.0906176051778,0.449063634151,27091,0.735222167534,Donald Trump
165,0.446564598931,0.0736008020696,0.479834598999,27099,0.748324119606,Ted Cruz
166,0.479380848461,0.0506464025298,0.469972749009,27101,0.702512090664,Donald Trump
167,0.441769955939,0.0381787102957,0.520051333765,27105,0.749405657598,Ted Cruz
168,0.452553451677,0.0528895937013,0.494556954622,27107,0.762573894444,Ted Cruz
169,0.470372646838,0.0577750167942,0.471852336368,27113,0.714566498473,Ted Cruz
170,0.490099365197,0.0398921462035,0.4700084886,27117,0.716510463467,Donald Trump
171,0.494862741232,0.0514132653021,0.453723993466,27125,0.743116689112,Donald Trump
172,0.454421755125,0.0623556249488,0.483222619926,27127,0.719744607679,Ted Cruz
173,0.444850943947,0.0645382366621,0.490610819391,27129,0.733684680723,Ted Cruz
174,0.440053341184,0.106547893313,0.453398765503,27135,0.767088270772,Ted Cruz
175,0.476940145164,0.0659928684557,0.45706698638,27151,0.722348251569,Donald Trump
176,0.423654461254,0.0698009985027,0.506544540243,27155,0.694837420469,Ted Cruz
177,0.49650991816,0.136129448515,0.367360633325,27159,0.819843743094,Donald Trump
178,0.417013338567,0.0388704128403,0.544116248593,27165,0.733385615179,Ted Cruz
179,0.471275087692,0.0640473376585,0.46467757465,27167,0.724730476296,Donald Trump
180,0.457546126887,0.0572507343276,0.485203138786,27173,0.725399474076,Ted Cruz
181,0.46875375871,0.0351293598367,0.496116881453,30003,0.702269016588,Ted Cruz
182,0.458625331176,0.0826611112945,0.45871355753,30005,0.759531757306,Ted Cruz
183,0.450934372182,0.0943888847739,0.454676743044,30011,0.766275204925,Ted Cruz
184,0.483489305692,0.0904841559652,0.426026538343,30015,0.796290714576,Donald Trump
185,0.506474607183,0.0441745099797,0.449350882838,30017,0.750348746765,Donald Trump
186,0.393415160507,0.138319350795,0.468265488698,30019,0.71917749253,Ted Cruz
187,0.485640126987,0.100875125675,0.413484747337,30023,0.8144580959,Donald Trump
188,0.41051355907,0.0760340198791,0.513452421051,30025,0.715987757767,Ted Cruz
189,0.505962850717,0.0494485054393,0.444588643844,30027,0.758386154176,Donald Trump
190,0.499943918558,0.0552946236565,0.444761457786,30033,0.742333969552,Donald Trump
191,0.441101385378,0.0885880094392,0.470310605183,30035,0.738652759659,Ted Cruz
192,0.527047161881,0.073317030205,0.399635807914,30037,0.756364947113,Donald Trump
193,0.490576014006,0.0740937329792,0.435330253015,30045,0.741731087667,Donald Trump
194,0.499557248187,0.0919758613398,0.408466890473,30051,0.879071993906,Donald Trump
195,0.427900970735,0.135427133234,0.43667189603,30055,0.756086071632,Ted Cruz
196,0.448250986761,0.135030170935,0.416718842304,30059,0.863780577797,Donald Trump
197,0.500877072947,0.0893709291252,0.409751997927,30065,0.805759435296,Donald Trump
198,0.440552822542,0.148492476489,0.410954700969,30069,0.764128555975,Donald Trump
199,0.469756128893,0.0829634234568,0.44728044765,30071,0.777581217394,Donald Trump
200,0.445493478039,0.0901460640361,0.464360457924,30073,0.812162656131,Ted Cruz
201,0.478738459004,0.0311712018379,0.490090339158,30075,0.687974940241,Ted Cruz
202,0.471600466586,0.0777064411315,0.450693092283,30079,0.801517635225,Donald Trump
203,0.413794279058,0.0997254408687,0.486480280073,30085,0.716180138687,Ted Cruz
204,0.425162039672,0.103631630629,0.471206329699,30087,0.798241322175,Ted Cruz
205,0.435995275566,0.0978877941937,0.46611693024,30091,0.72249252956,Ted Cruz
206,0.478060730468,0.0796696663533,0.442269603178,30101,0.78777178433,Donald Trump
207,0.460396600773,0.0638850631384,0.475718336089,30103,0.803966907824,Ted Cruz
208,0.502784000263,0.046738472982,0.450477526755,30105,0.747575583683,Donald Trump
209,0.481979145731,0.0674003572655,0.450620497003,30107,0.836926472316,Donald Trump
210,0.494752969387,0.0576893766769,0.447557653936,30109,0.753355168501,Donald Trump
211,0.440048726367,0.0293180121616,0.530633261472,35005,0.792887864022,Ted Cruz
212,0.477739819182,0.0319777719457,0.490282408873,35006,0.713208518553,Ted Cruz
213,0.394942178985,0.0716063688616,0.533451452154,35007,0.732921294176,Ted Cruz
214,0.359289544496,0.00416374464022,0.636546710864,35011,0.686323100681,Ted Cruz
215,0.382819048972,0.0237036650063,0.593477286022,35015,0.718047184906,Ted Cruz
216,0.326404990871,0.0619610545598,0.611633954569,35019,0.687883120492,Ted Cruz
217,0.313560848038,0.0396527754545,0.646786376507,35021,0.678435366346,Ted Cruz
218,0.406159602718,0.0535765554148,0.540263841867,35023,0.761295138659,Ted Cruz
219,0.393494054774,0.0293397308638,0.577166214362,35025,0.74026004258,Ted Cruz
220,0.498249217713,0.0278382082556,0.473912574031,35029,0.743929346008,Donald Trump
221,0.522697356037,0.0402456645186,0.437056979444,35031,0.738800653574,Donald Trump
222,0.261735590295,0.0439049406286,0.694359469076,35033,0.584161291943,Ted Cruz
223,0.487477870642,0.030652669969,0.481869459389,35035,0.793704170722,Donald Trump
224,0.419114727178,0.022643315065,0.558241957757,35037,0.736777719216,Ted Cruz
225,0.447177415537,0.0327683548765,0.520054229586,35041,0.742190470889,Ted Cruz
226,0.4481073184,0.0471443442964,0.504748337303,35047,0.698481689208,Ted Cruz
227,0.467810860778,0.0276661757517,0.504522963471,35051,0.772471106337,Ted Cruz
228,0.513696989875,0.0148776051611,0.471425404964,35057,0.739799907964,Donald Trump
229,0.42595269616,0.0309577390778,0.543089564762,35059,0.786708333471,Ted Cruz
230,0.44224962496,0.172761498803,0.384988876237,36003,0.873611692957,Donald Trump
231,0.433249895963,0.170359457742,0.396390646295,36007,0.812259888651,Donald Trump
232,0.466267014771,0.1427779052,0.390955080029,36009,0.825920926873,Donald Trump
233,0.441098090388,0.214658528762,0.34424338085,36011,0.854645512369,Donald Trump
234,0.4305185355,0.175910063283,0.393571401217,36013,0.85566684713,Donald Trump
235,0.407849260176,0.249969037121,0.342181702703,36015,0.844215215827,Donald Trump
236,0.462502675939,0.177480532565,0.360016791496,36017,0.83960116266,Donald Trump
237,0.412688147172,0.252635167866,0.334676684962,36023,0.865556205428,Donald Trump
238,0.523535587341,0.0523126202729,0.424151792386,36033,0.793975190122,Donald Trump
239,0.449364301695,0.239910884489,0.310724813816,36035,0.883486949297,Donald Trump
240,0.440329118927,0.236070941248,0.323599939825,36037,0.786294500174,Donald Trump
241,0.472925084013,0.160742804505,0.366332111481,36043,0.822145553859,Donald Trump
242,0.482630067239,0.093589385197,0.423780547564,36049,0.822141357015,Donald Trump
243,0.515785619285,0.0802601782274,0.403954202488,36057,0.728315385245,Donald Trump
244,0.439201444517,0.261581773553,0.29921678193,36063,0.792218804579,Donald Trump
245,0.456289079196,0.145046669081,0.398664251723,36065,0.813626090028,Donald Trump
246,0.425552152485,0.229123191348,0.345324656167,36073,0.903508961775,Donald Trump
247,0.409310083436,0.237927022072,0.352762894492,36075,0.95465255915,Donald Trump
248,0.473888091967,0.124520668102,0.401591239931,36089,0.866046966214,Donald Trump
249,0.452398664862,0.196681472832,0.350919862306,36097,0.823193643421,Donald Trump
250,0.486728389634,0.150831172209,0.362440438157,36099,0.797027510145,Donald Trump
251,0.417307324638,0.245339993371,0.337352681991,36101,0.896007451113,Donald Trump
252,0.399141408414,0.274567439613,0.326291151972,36107,0.856698714147,Donald Trump
253,0.415075112667,0.23537773043,0.349547156903,36117,0.864748892239,Donald Trump
254,0.452852552415,0.20282443779,0.344323009794,36121,0.87786905934,Donald Trump
255,0.434670037385,0.215599051333,0.349730911282,36123,0.904729853324,Donald Trump
256,0.449310564171,0.03800338767,0.512686048159,41021,0.735608515708,Ted Cruz
257,0.528267504243,0.115385949639,0.356346546118,41025,0.906134731992,Donald Trump
258,0.45701480953,0.291718085294,0.251267105176,42005,0.8640355193,Donald Trump
259,0.439382566461,0.281494691705,0.279122741834,42007,0.827842130308,Donald Trump
260,0.425057171571,0.292273646949,0.28266918148,42013,0.84423777205,Donald Trump
261,0.391412008277,0.319148190195,0.289439801528,42021,0.97864052318,Donald Trump
262,0.440866213709,0.169249688031,0.389884098259,42023,0.821047336687,Donald Trump
263,0.425512729099,0.312340512089,0.262146758812,42031,0.953841509658,Donald Trump
264,0.453716035568,0.209462900688,0.336821063744,42033,0.897421655752,Donald Trump
265,0.47688062814,0.174073293324,0.349046078536,42035,0.865990295565,Donald Trump
266,0.424173954308,0.310263623869,0.265562421823,42039,0.958135760301,Donald Trump
267,0.465261712781,0.137431598578,0.397306688641,42047,0.760798963016,Donald Trump
268,0.442907670514,0.163027322137,0.39406500735,42049,0.817053572931,Donald Trump
269,0.445244493522,0.277585792449,0.277169714029,42051,0.937473333249,Donald Trump
270,0.587358837092,0.0394752387545,0.373165924154,42053,0.807089547025,Donald Trump
271,0.448958048863,0.238758426861,0.312283524276,42059,0.925559416534,Donald Trump
272,0.491124383522,0.162957614971,0.345918001507,42061,0.870663901209,Donald Trump
273,0.404525210294,0.296617186282,0.298857603424,42063,0.98443558817,Donald Trump
274,0.40924017572,0.301176476193,0.289583348087,42065,0.965294490097,Donald Trump
275,0.430076142117,0.329082655476,0.240841202407,42073,0.878159998012,Donald Trump
276,0.404206785502,0.186902911905,0.408890302593,42083,0.922340834494,Ted Cruz
277,0.396717166239,0.34134104271,0.26194179105,42085,0.96395462132,Donald Trump
278,0.4526237868,0.256775103417,0.290601109783,42087,0.944667135079,Donald Trump
279,0.455587024016,0.267271917502,0.277141058482,42097,0.89307317989,Donald Trump
280,0.484758475001,0.125363059696,0.389878465304,42105,0.80543618119,Donald Trump
281,0.470907043383,0.228862295938,0.300230660679,42107,0.847497895003,Donald Trump
282,0.415931894289,0.275778676279,0.308289429432,42111,0.980476422025,Donald Trump
283,0.47327651387,0.175187676303,0.351535809827,42117,0.859856971233,Donald Trump
284,0.428387745351,0.285344256216,0.286267998433,42121,0.888834429045,Donald Trump
285,0.436441416993,0.200219154703,0.363339428304,42123,0.831923246338,Donald Trump
286,0.430644102003,0.0600922164401,0.509263681557,46003,0.759324969004,Ted Cruz
287,0.470960780337,0.0279620394771,0.501077180186,46005,0.752650964409,Ted Cruz
288,0.463962520385,0.0583468437701,0.477690635844,46007,0.704987652531,Ted Cruz
289,0.460677797046,0.0902629034573,0.449059299496,46009,0.78378535327,Donald Trump
290,0.45570950847,0.105731108738,0.438559382793,46015,0.76789144917,Donald Trump
291,0.445403561127,0.107134879761,0.447461559112,46017,0.673081990078,Ted Cruz
292,0.493072329441,0.079224285872,0.427703384687,46019,0.814600788595,Donald Trump
293,0.445211658862,0.129858732412,0.424929608726,46021,0.819918187146,Donald Trump
294,0.437576157675,0.0455040970665,0.516919745259,46023,0.727649440917,Ted Cruz
295,0.457490532303,0.0566116711045,0.485897796593,46025,0.735236921231,Ted Cruz
296,0.493315655345,0.0531999386857,0.45348440597,46031,0.695064502974,Donald Trump
297,0.462270098523,0.0601967063737,0.477533195103,46037,0.797369010267,Ted Cruz
298,0.462388752181,0.0727868267935,0.464824421025,46039,0.710293012861,Ted Cruz
299,0.424506627326,0.0746979206052,0.500795452069,46041,0.69570822381,Ted Cruz
300,0.459950367549,0.0810343633206,0.45901526913,46043,0.766785171138,Donald Trump
301,0.466581484314,0.0788270693308,0.454591446355,46045,0.766418984001,Donald Trump
302,0.471893780362,0.0966173590959,0.431488860542,46047,0.733302814977,Donald Trump
303,0.450340640769,0.0970221494351,0.452637209796,46049,0.768378885944,Ted Cruz
304,0.476123151385,0.080803179149,0.443073669466,46051,0.745161721886,Donald Trump
305,0.415553554075,0.145079762218,0.439366683707,46053,0.866634146987,Ted Cruz
306,0.356345797137,0.187746220967,0.455907981895,46055,0.835190841727,Ted Cruz
307,0.448927089177,0.0608384186283,0.490234492195,46057,0.734247891805,Ted Cruz
308,0.476550061997,0.0644751571375,0.458974780865,46059,0.734615246526,Donald Trump
309,0.434186200829,0.121508336843,0.444305462328,46061,0.792171448559,Ted Cruz
310,0.442503771551,0.0675138885101,0.489982339939,46063,0.797942898801,Ted Cruz
311,0.467188111868,0.0480008988672,0.484810989264,46067,0.785399216562,Ted Cruz
312,0.382073271279,0.084734371214,0.533192357507,46069,0.733906814892,Ted Cruz
313,0.348847028035,0.114143529943,0.537009442022,46071,0.702289742784,Ted Cruz
314,0.461793709034,0.0460958330591,0.492110457907,46073,0.715217683428,Ted Cruz
315,0.423003170604,0.0456313823349,0.531365447061,46075,0.716588128293,Ted Cruz
316,0.46714057304,0.0412576339552,0.491601793005,46077,0.707476823618,Ted Cruz
317,0.490307946831,0.0337872933507,0.475904759819,46079,0.67654759819,Donald Trump
318,0.399402119613,0.0873873419932,0.513210538393,46085,0.741937553233,Ted Cruz
319,0.484807433383,0.0287224172979,0.486470149319,46087,0.67851840001,Ted Cruz
320,0.512160935773,0.0817495230398,0.406089541187,46089,0.856453662862,Donald Trump
321,0.444276934521,0.0441984957385,0.51152456974,46091,0.751778285979,Ted Cruz
322,0.455701870669,0.0445523640444,0.499745765287,46095,0.697169518287,Ted Cruz
323,0.469619796408,0.00923366022014,0.521146543372,46097,0.619591525972,Ted Cruz
324,0.460856599407,0.0446874118366,0.494455988756,46101,0.65303685142,Ted Cruz
325,0.442896608918,0.124786843307,0.432316547775,46105,0.835587865877,Donald Trump
326,0.424620060272,0.0815698793501,0.493810060378,46107,0.771086297548,Ted Cruz
327,0.400757467872,0.078857653601,0.520384878527,46109,0.724725560777,Ted Cruz
328,0.500926974318,0.0702212768269,0.428851748855,46111,0.705158627535,Donald Trump
329,0.454375563397,0.0942896193132,0.45133481729,46113,0.617389441219,Donald Trump
330,0.446089475552,0.0429801988474,0.5109303256,46115,0.745248719973,Ted Cruz
331,0.425468135085,0.10246212426,0.472069740655,46117,0.699391445856,Ted Cruz
332,0.421238738024,0.0511630991465,0.527598162829,46119,0.684684835901,Ted Cruz
333,0.47292401734,0.0741548609281,0.452921121732,46121,0.691680252285,Donald Trump
334,0.446686235408,0.0908830403147,0.462430724277,46123,0.815551828871,Ted Cruz
335,0.513614314115,0.0297446987959,0.456640987089,46125,0.710325278577,Donald Trump
336,0.402713861111,0.0902684429433,0.507017695946,46129,0.743832465663,Ted Cruz
337,0.533185709556,0.0410103823818,0.425803908062,46137,0.640959539722,Donald Trump
338,0.52563079703,0.166311366179,0.308057836791,54001,0.90453582857,Donald Trump
339,0.533609912516,0.14647555212,0.319914535364,54005,0.885416220538,Donald Trump
340,0.53669378055,0.115201143936,0.348105075514,54007,0.902090329359,Donald Trump
341,0.36286120752,0.433314965657,0.203823826823,54009,1.04462762435,John Kasich
342,0.429561806554,0.292445462947,0.277992730499,54011,0.915293189444,Donald Trump
343,0.571751252322,0.0820771537748,0.346171593903,54013,0.873579796737,Donald Trump
344,0.561947998964,0.107230673469,0.330821327566,54015,0.941525733967,Donald Trump
345,0.534686562095,0.119486453159,0.345826984746,54017,0.870893047607,Donald Trump
346,0.506653011759,0.121244023481,0.37210296476,54019,0.889698382688,Donald Trump
347,0.585523521366,0.042658017691,0.371818460943,54021,0.830698305657,Donald Trump
348,0.524152014392,0.0752634306514,0.400584554957,54023,0.840686431449,Donald Trump
349,0.533572667132,0.0893994392817,0.377027893586,54025,0.827535381005,Donald Trump
350,0.392419929709,0.346057969392,0.261522100898,54029,0.972938241422,Donald Trump
351,0.41742884751,0.302105349548,0.280465802942,54033,0.907222378887,Donald Trump
352,0.469214668876,0.206537825826,0.324247505298,54035,0.912345824367,Donald Trump
353,0.422902965224,0.296493035278,0.280603999499,54039,0.844767578914,Donald Trump
354,0.469689052858,0.196007285773,0.334303661369,54041,0.884901637956,Donald Trump
355,0.584024437289,0.110870505919,0.305105056792,54043,0.882863641948,Donald Trump
356,0.562156933951,0.127463727782,0.310379338267,54045,0.827582171589,Donald Trump
357,0.547238941607,0.160212719206,0.292548339187,54047,1.02949932147,Donald Trump
358,0.436625075603,0.301337788056,0.262037136341,54049,0.873848540814,Donald Trump
359,0.432013749304,0.296154465176,0.271831785521,54051,0.872028857245,Donald Trump
360,0.471478420395,0.215095599083,0.313425980522,54053,0.921668967961,Donald Trump
361,0.475225172976,0.252636643826,0.272138183198,54055,0.909491066151,Donald Trump
362,0.431557264652,0.330613585511,0.237829149837,54057,0.978274524172,Donald Trump
363,0.569068207714,0.117403029017,0.313528763269,54059,0.866404901135,Donald Trump
364,0.507437494744,0.191706190941,0.300856314315,54063,0.929125290151,Donald Trump
365,0.493471236116,0.151736127223,0.354792636661,54067,0.851963895198,Donald Trump
366,0.354807917375,0.332572535677,0.312619546948,54069,0.966895767294,Donald Trump
367,0.547585729011,0.0738368147009,0.378577456288,54071,0.865058859461,Donald Trump
368,0.430502088707,0.257419746067,0.312078165226,54073,0.907649269829,Donald Trump
369,0.546798977645,0.077759896687,0.375441125668,54075,0.842773938267,Donald Trump
370,0.471981272117,0.216858168749,0.311160559134,54077,0.941163436625,Donald Trump
371,0.463110837307,0.241327610976,0.295561551716,54081,0.920715096622,Donald Trump
372,0.489140018307,0.15261142619,0.358248555503,54083,0.883219181784,Donald Trump
373,0.553954760519,0.0719455190814,0.374099720399,54085,0.842558537348,Donald Trump
374,0.574848875012,0.0990121465672,0.326138978421,54087,0.897939101283,Donald Trump
375,0.582259875661,0.0702742272329,0.347465897106,54089,0.831376553514,Donald Trump
376,0.448009352271,0.301682089659,0.25030855807,54091,0.953857201412,Donald Trump
377,0.501251996831,0.169124161008,0.32962384216,54093,0.897464987911,Donald Trump
378,0.497218554784,0.16597086703,0.336810578185,54095,0.857677931485,Donald Trump
379,0.464052783403,0.221470415658,0.31447680094,54097,0.94069214847,Donald Trump
380,0.542901488732,0.126717824289,0.330380686979,54099,0.843419006108,Donald Trump
381,0.586475661901,0.0896193886821,0.323904949417,54101,0.891851144973,Donald Trump
382,0.52101490199,0.154104867252,0.324880230758,54103,0.844032457191,Donald Trump
383,0.4808026047,0.172905504067,0.346291891233,54105,0.872877836213,Donald Trump
384,0.411001817079,0.321257920991,0.26774026193,54107,0.891754639249,Donald Trump
385,0.548989357037,0.114879243868,0.336131399095,54109,0.896013634851,Donald Trump
386,0.456705192342,0.134223212539,0.409071595119,55003,0.789343444805,Donald Trump
387,0.500644240857,0.0563232519075,0.443032507235,55019,0.849003983892,Donald Trump
388,0.448226300627,0.205776839731,0.345996859642,55051,0.873622139316,Donald Trump
389,0.487712606304,0.0869941064037,0.425293287292,55057,0.819217055292,Donald Trump
390,0.470386877112,0.129692000934,0.399921121954,55067,0.825566643863,Donald Trump
391,0.469996651515,0.144727137164,0.385276211321,55075,0.830867027567,Donald Trump
392,0.351898754686,0.196383972316,0.451717272998,55078,0.714823190001,Ted Cruz
393,0.468061662161,0.160421121448,0.371517216391,55099,0.851675190562,Donald Trump
394,0.492629906663,0.138159236895,0.369210856442,55107,0.856995374177,Donald Trump
0,0.492967743964,0.343702610334,0.163329645702,6001,0.509161102472,Donald Trump
1,0.466291034527,0.292476455348,0.241232510125,6013,0.598338761291,Donald Trump
2,0.518541779442,0.32525022008,0.156208000478,6037,0.53804729158,Donald Trump
3,0.664983564501,0.184447995993,0.150568439505,6041,0.618060388166,Donald Trump
4,0.725828850172,0.153514821743,0.120656328084,6055,0.742599305431,Donald Trump
5,0.517497042057,0.324594918853,0.157908039091,6059,0.53913351638,Donald Trump
6,0.580093272833,0.237027358792,0.182879368375,6073,0.480957137526,Donald Trump
7,0.489579903068,0.341340569868,0.169079527063,6075,0.512684443187,Donald Trump
8,0.722859416732,0.152886778307,0.124253804961,6079,0.74564982834,Donald Trump
9,0.493046111349,0.343757248948,0.163196639703,6081,0.509080173685,Donald Trump
10,0.724408101795,0.153214329508,0.122377568697,6083,0.744055731381,Donald Trump
11,0.517215964927,0.324418615994,0.158365419079,6085,0.539426504438,Donald Trump
12,0.724974337067,0.153334089844,0.121691573089,6087,0.743474592743,Donald Trump
13,0.725657409405,0.153478561544,0.120864029051,6097,0.742774748819,Donald Trump
14,0.725828850172,0.153514821743,0.120656328084,6111,0.742599305431,Donald Trump
15,0.608962365549,0.262483778254,0.128553856197,9001,0.666707867298,Donald Trump
16,0.568055690373,0.316208339961,0.115735969665,11001,0.71471865678,Donald Trump
17,0.568055690373,0.316208339961,0.115735969665,11001,0.71471865678,Donald Trump
18,0.568055690373,0.316208339961,0.115735969665,11001,0.71471865678,Donald Trump
19,0.568055690373,0.316208339961,0.115735969665,11001,0.71471865678,Donald Trump
20,0.515633285934,0.323425896195,0.16094081787,15003,0.541082214067,Donald Trump
21,0.667064259767,0.185025123147,0.147910617086,15007,0.616132544927,Donald Trump
22,0.666989972324,0.185004517871,0.148005509805,15009,0.616201168014,Donald Trump
23,0.538008746239,0.293108707629,0.168882546132,24027,0.518578930083,Donald Trump
24,0.450472764157,0.314074636364,0.235452599479,24031,0.557192398679,Donald Trump
25,0.515036693833,0.32305168968,0.161911616488,34003,0.541708975964,Donald Trump
26,0.596260115613,0.165386017469,0.238353866917,34019,0.689296481917,Donald Trump
27,0.503378679605,0.296393285801,0.200228034594,34025,0.816482732885,Donald Trump
28,0.631148439219,0.233417427643,0.135434133137,34027,0.651193878429,Donald Trump
29,0.539392213955,0.293862424807,0.166745361238,34035,0.517248845612,Donald Trump
30,0.425433839802,0.296617218986,0.277948941212,36047,0.589985977882,Donald Trump
31,0.461221771115,0.289296809839,0.249481419046,36059,0.604915070088,Donald Trump
32,0.393108367682,0.409487883002,0.197403749315,36061,0.427363072912,John Kasich
33,0.430567260937,0.300196297466,0.269236441597,36081,0.582951893402,Donald Trump
34,0.451386274554,0.283127591566,0.265486133881,36085,0.618095887554,Donald Trump
35,0.61268927355,0.260877427911,0.126433298539,36087,0.670813114809,Donald Trump
36,0.610975897022,0.260147888027,0.128876214951,36103,0.672694294493,Donald Trump
37,0.561035574244,0.241825678553,0.197138747203,36119,0.723661775899,Donald Trump
0,0.438890358968,0.0704895381318,0.4906201029,6011,0.754618017163,Ted Cruz
1,0.467634915595,0.0828627477178,0.449502336687,6015,0.739073332347,Donald Trump
2,0.565113785274,0.0918699403097,0.343016274416,6019,0.765373930821,Donald Trump
3,0.473901441364,0.0740992232265,0.451999335409,6025,0.761847061476,Donald Trump
4,0.55339884703,0.0789330841154,0.367668068855,6029,0.833001966257,Donald Trump
5,0.467807336626,0.0987087011657,0.433483962208,6031,0.712347103231,Donald Trump
6,0.500814885116,0.0480440153752,0.451141099508,6033,0.773837242951,Donald Trump
7,0.528125286079,0.100753206567,0.371121507353,6035,0.847965980045,Donald Trump
8,0.487412325813,0.076968703246,0.435618970941,6039,0.699418575233,Donald Trump
9,0.480038083383,0.0794876181658,0.440474298451,6047,0.71445351932,Donald Trump
10,0.50501964012,0.094475704796,0.400504655084,6049,0.829491456982,Donald Trump
11,0.514593639412,0.120101334987,0.365305025601,6077,0.68537266447,Donald Trump
12,0.609708897067,0.0766663357533,0.31362476718,6093,0.887296847248,Donald Trump
13,0.494486804116,0.0802138182843,0.4252993776,6099,0.73994562248,Donald Trump
14,0.490332663137,0.0423924560519,0.467274880812,6101,0.819969272155,Donald Trump
15,0.493826856117,0.0813539650071,0.424819178876,6103,0.888929846802,Donald Trump
16,0.483914338651,0.0773011289119,0.438784532437,6107,0.730170633627,Donald Trump
17,0.510933529744,0.0459941894414,0.443072280814,6115,0.810716214728,Donald Trump
18,0.575656495722,0.0618977908247,0.362445713453,10001,0.718303856779,Donald Trump
19,0.381342697744,0.239591878471,0.379065423784,18005,0.796942717214,Donald Trump
20,0.391962463459,0.298942211107,0.309095325435,18011,0.866691395368,Donald Trump
21,0.49773512435,0.188869825795,0.313395049855,18013,0.8416564009,Donald Trump
22,0.505720788091,0.106077764894,0.388201447015,18019,0.742715859156,Donald Trump
23,0.388989875431,0.319144056624,0.291866067944,18029,0.987861909665,Donald Trump
24,0.402169394471,0.249774051505,0.348056554024,18037,0.879901026452,Donald Trump
25,0.461396325241,0.119125271898,0.419478402861,18039,0.750213623758,Donald Trump
26,0.397503867851,0.282271071685,0.320225060464,18043,0.836568688643,Donald Trump
27,0.467805017381,0.20938046232,0.3228145203,18047,0.837251020603,Donald Trump
28,0.414698412649,0.261900991094,0.323400596258,18059,0.849603232021,Donald Trump
29,0.509567174524,0.142920401367,0.347512424109,18061,0.881278762721,Donald Trump
30,0.439003812358,0.182857100955,0.378139086687,18063,0.793939380415,Donald Trump
31,0.425173859336,0.15334437501,0.421481765654,18073,0.817008927863,Donald Trump
32,0.412329387179,0.221382827911,0.36628778491,18081,0.824743388336,Donald Trump
33,0.411747902299,0.198590729073,0.389661368628,18085,0.792459991257,Donald Trump
34,0.412694931832,0.252712754903,0.334592313266,18087,0.920924823558,Donald Trump
35,0.483430730532,0.0977056934481,0.41886357602,18089,0.737211499052,Donald Trump
36,0.511532253089,0.105736984418,0.382730762493,18091,0.781638915346,Donald Trump
37,0.489895225195,0.11388412207,0.396220652735,18099,0.772973902728,Donald Trump
38,0.397772173188,0.226094984719,0.376132842092,18105,0.767807928988,Donald Trump
39,0.378216271501,0.33948424538,0.28229948312,18109,0.973300371582,Donald Trump
40,0.516374261327,0.144580869216,0.339044869456,18115,0.790132171392,Donald Trump
41,0.453752491716,0.185485190924,0.36076231736,18127,0.799205896435,Donald Trump
42,0.410479558816,0.187218759691,0.402301681493,18129,0.716684479607,Donald Trump
43,0.476337640256,0.20544235328,0.318220006464,18133,0.907541237651,Donald Trump
44,0.526117719607,0.107900635927,0.365981644466,18137,0.738498202501,Donald Trump
45,0.501449677812,0.129124305743,0.369426016446,18145,0.781747266449,Donald Trump
46,0.443759979087,0.239652768415,0.316587252498,18151,0.88356395813,Donald Trump
47,0.420660098875,0.163654091593,0.415685809532,18157,0.726735004912,Donald Trump
48,0.313198526771,0.407805813584,0.278995659645,18173,1.03343317818,John Kasich
49,0.427759720222,0.270541600406,0.301698679372,18183,0.895850081772,Donald Trump
50,0.388434635221,0.108197055046,0.503368309733,20015,0.713604482856,Ted Cruz
51,0.396453386006,0.254731484026,0.348815129969,20045,0.768000685426,Donald Trump
52,0.333350648156,0.0620496067428,0.604599745101,20051,0.650674167638,Ted Cruz
53,0.442417696478,0.14186476489,0.415717538632,20059,0.72667953781,Donald Trump
54,0.443864678624,0.115351015566,0.440784305809,20061,0.736606948862,Donald Trump
55,0.403315465163,0.18047264415,0.416211890687,20087,0.745480884236,Ted Cruz
56,0.434364209314,0.199339789606,0.366296001081,20103,0.816709047279,Donald Trump
57,0.427615571335,0.042539662556,0.529844766109,20113,0.570154596508,Ted Cruz
58,0.477423584529,0.0851942585144,0.437382156957,20121,0.709397956372,Donald Trump
59,0.431526970562,0.0502453896894,0.518227639748,20149,0.693143041401,Ted Cruz
60,0.384460608247,0.130008192044,0.485531199709,20161,0.679958990371,Ted Cruz
61,0.396232843725,0.13926533437,0.464501821905,20169,0.672036464532,Ted Cruz
62,0.388855229349,0.160183183443,0.450961587208,20173,0.749234477118,Ted Cruz
63,0.457170761027,0.196511222354,0.346318016618,20177,0.76958896082,Donald Trump
64,0.436163992632,0.274044117124,0.289791890245,24001,0.932658213306,Donald Trump
65,0.568276165074,0.120915217801,0.310808617125,24019,0.770158645286,Donald Trump
66,0.423350176311,0.298289921573,0.278359902115,24023,0.891170208323,Donald Trump
67,0.582610091273,0.0946595619751,0.322730346752,24039,0.837469389869,Donald Trump
68,0.604084212607,0.0892114633035,0.30670432409,24043,0.731752461967,Donald Trump
69,0.511330395911,0.101554626101,0.387114977988,24045,0.767213920639,Donald Trump
70,0.520887384414,0.14131262778,0.337799987806,24510,0.734357788372,Donald Trump
71,0.527465302826,0.156861024761,0.315673672413,27001,0.765267574482,Donald Trump
72,0.400123105748,0.274302554012,0.32557434024,27003,0.885583830204,Donald Trump
73,0.460090932571,0.2299578185,0.30995124893,27005,0.871997733578,Donald Trump
74,0.457368035482,0.17699430232,0.365637662198,27007,0.846262329012,Donald Trump
75,0.439386626781,0.271127121739,0.28948625148,27009,0.869906685032,Donald Trump
76,0.381634842851,0.138482165257,0.479882991892,27013,0.655781550952,Ted Cruz
77,0.425206327063,0.0940939102708,0.480699762666,27015,0.628445138306,Ted Cruz
78,0.416254222119,0.241346270844,0.342399507037,27017,0.814631835264,Donald Trump
79,0.537743795461,0.146853488612,0.315402715927,27021,0.816506184694,Donald Trump
80,0.39437806069,0.342812581784,0.262809357525,27025,0.983222220218,Donald Trump
81,0.353588853011,0.167419019007,0.478992127981,27027,0.728842426068,Ted Cruz
82,0.500931673467,0.133741614893,0.36532671164,27035,0.733910043865,Donald Trump
83,0.385527788132,0.214927669009,0.399544542859,27039,0.776579267179,Ted Cruz
84,0.47070166249,0.140845961161,0.388452376349,27041,0.648280305951,Donald Trump
85,0.42449447776,0.25292486545,0.32258065679,27045,0.830459772662,Donald Trump
86,0.46841330052,0.108235276789,0.423351422691,27049,0.727845356228,Donald Trump
87,0.455418007893,0.0922218394981,0.452360152609,27055,0.637375705138,Donald Trump
88,0.466054559164,0.121740350594,0.412205090242,27057,0.73287166021,Donald Trump
89,0.42418909074,0.267049234387,0.308761674872,27059,0.889884380669,Donald Trump
90,0.427610451029,0.17403851666,0.398351032311,27061,0.758359849302,Donald Trump
91,0.539865174919,0.108040984645,0.352093840436,27065,0.761492852681,Donald Trump
92,0.434780476911,0.123492399314,0.441727123775,27067,0.70242009512,Ted Cruz
93,0.514670341562,0.13004862539,0.355281033048,27075,0.717102478326,Donald Trump
94,0.405415848125,0.112028092992,0.482556058884,27077,0.71360489446,Ted Cruz
95,0.464459166541,0.181859605586,0.353681227874,27079,0.815206882704,Donald Trump
96,0.338128736351,0.0960621635369,0.565809100112,27083,0.587150665847,Ted Cruz
97,0.392906061328,0.269977223177,0.337116715495,27085,0.82546564542,Donald Trump
98,0.488857825366,0.108627277213,0.402514897421,27093,0.716304845095,Donald Trump
99,0.506075013419,0.148516135252,0.345408851328,27095,0.795469458184,Donald Trump
100,0.459059519354,0.214752474307,0.326188006339,27097,0.828592043037,Donald Trump
101,0.348538599371,0.279897858183,0.371563542446,27103,0.739475649332,Ted Cruz
102,0.396197726838,0.0790379184993,0.524764354663,27109,0.575674445393,Ted Cruz
103,0.497833679361,0.13105171727,0.371114603369,27111,0.751599468949,Donald Trump
104,0.529009495977,0.0807309464566,0.390259557567,27115,0.806382333492,Donald Trump
105,0.4290649634,0.123398498813,0.447536537786,27119,0.715891448013,Ted Cruz
106,0.492421333952,0.0522754232524,0.455303242796,27121,0.58887554,Donald Trump
107,0.394433956353,0.353996230107,0.25156981354,27123,0.852055854471,Donald Trump
108,0.41095436594,0.236435077111,0.352610556949,27131,0.789194372244,Donald Trump
109,0.475309317998,0.212510497765,0.312180184237,27133,0.794624593368,Donald Trump
110,0.479360993898,0.247499458989,0.273139547113,27137,0.921968378613,Donald Trump
111,0.431062716358,0.245941433584,0.322995850058,27141,0.834798229104,Donald Trump
112,0.456274138325,0.111069550998,0.432656310677,27143,0.712192008886,Donald Trump
113,0.424879132709,0.177988596865,0.397132270426,27145,0.771199540035,Donald Trump
114,0.382937580496,0.262331427971,0.354730991533,27147,0.74976346638,Donald Trump
115,0.371984357166,0.0868792452769,0.541136397557,27149,0.645141938707,Ted Cruz
116,0.489267955378,0.0816013320954,0.429130712527,27153,0.802446330264,Donald Trump
117,0.400089761534,0.179756040596,0.42015419787,27157,0.719006094344,Ted Cruz
118,0.428642427049,0.191600482454,0.379757090497,27161,0.72352089979,Donald Trump
119,0.439491745248,0.150957117862,0.40955113689,27169,0.74781436724,Donald Trump
120,0.414852069237,0.190094226428,0.395053704335,27171,0.821875049002,Donald Trump
121,0.422281484614,0.0893496888039,0.488368826582,30001,0.855276695513,Ted Cruz
122,0.539263686037,0.0594139571569,0.401322356806,30007,0.771014558095,Donald Trump
123,0.450783938464,0.144898895495,0.404317166042,30009,0.754105897033,Donald Trump
124,0.434366639863,0.107050472318,0.458582887819,30013,0.77189799524,Ted Cruz
125,0.445052115309,0.146095925159,0.408851959531,30021,0.842358687469,Donald Trump
126,0.555682045908,0.167575750403,0.276742203688,30039,0.758312754832,Donald Trump
127,0.372162435738,0.122034172651,0.505803391611,30041,0.791893174629,Ted Cruz
128,0.505601661283,0.00452833623895,0.489870002478,30049,0.582543712029,Donald Trump
129,0.496317078523,0.0782237370078,0.425459184469,30053,0.844278124589,Donald Trump
130,0.466109756931,0.138267583755,0.395622659315,30061,0.90795073006,Donald Trump
131,0.452926737681,0.124548942393,0.422524319926,30067,0.758270151482,Donald Trump
132,0.389131355781,0.131626817828,0.479241826391,30077,0.741947529569,Ted Cruz
133,0.436700874592,0.122972580154,0.440326545254,30083,0.792842921664,Ted Cruz
134,0.498112238746,0.126446921531,0.375440839723,30089,0.956757614909,Donald Trump
135,0.412152746708,0.0889074221375,0.498939831154,30093,0.707900989149,Ted Cruz
136,0.47480283358,0.0310558126895,0.494141353731,30095,0.726929409249,Ted Cruz
137,0.378334734788,0.135979132696,0.485686132516,30097,0.788886110317,Ted Cruz
138,0.397519978946,0.25566917987,0.346810841183,30099,0.871061088523,Donald Trump
139,0.455648894535,0.131343684279,0.413007421186,30111,0.80438067897,Donald Trump
140,0.543174858166,0.0992005168504,0.357624624984,34011,0.85778955149,Donald Trump
141,0.548195417511,0.0922573503648,0.359547232125,34033,0.745076682471,Donald Trump
142,0.493181288251,0.175850065758,0.330968645991,35001,0.793234396871,Donald Trump
143,0.521886423229,0.105674074657,0.372439502113,35003,0.886429346175,Donald Trump
144,0.380758709601,0.0970472595675,0.522194030831,35009,0.679313267463,Ted Cruz
145,0.487342140304,0.0613712965898,0.451286563107,35013,0.836795239363,Donald Trump
146,0.517769110297,0.0708821956886,0.411348694015,35017,0.802582599998,Donald Trump
147,0.512928667598,0.0802802973812,0.406791035021,35027,0.858204224209,Donald Trump
148,0.493543663692,0.0542182553869,0.452238080921,35039,0.835034605727,Donald Trump
149,0.505734580566,0.0644877647463,0.429777654687,35043,0.732235399552,Donald Trump
150,0.476588657583,0.0707889704383,0.452622371978,35045,0.79361053406,Donald Trump
151,0.528086549276,0.0601861450165,0.411727305708,35053,0.899213542795,Donald Trump
152,0.544923799396,0.111377577828,0.343698622776,35055,0.75102133932,Donald Trump
153,0.484875286238,0.0454592069139,0.469665506848,35061,0.815795578617,Donald Trump
154,0.481398243732,0.0984943722058,0.420107384063,36019,0.733465725068,Donald Trump
155,0.519301791202,0.0956631733687,0.38503503543,36025,0.80027617932,Donald Trump
156,0.391526759434,0.25842490538,0.350048335186,36029,0.770963557533,Donald Trump
157,0.521846688429,0.107918109384,0.370235202187,36031,0.751625630123,Donald Trump
158,0.547507709279,0.103795871562,0.348696419159,36039,0.78796963984,Donald Trump
159,0.540842528536,0.0484665875429,0.410690883921,36041,0.658102717074,Donald Trump
160,0.452194861082,0.0920883946722,0.455716744246,36045,0.755632462091,Ted Cruz
161,0.466528646494,0.188195816054,0.345275537452,36051,0.810150316396,Donald Trump
162,0.421880669536,0.257155433993,0.320963896471,36053,0.842078469129,Donald Trump
163,0.412017817343,0.205631892062,0.382350290596,36055,0.718613791008,Donald Trump
164,0.378517763436,0.287123578117,0.334358658448,36067,0.821758865446,Donald Trump
165,0.395940256136,0.191818485659,0.412241258205,36069,0.732807361758,Ted Cruz
166,0.464264973017,0.170087809977,0.365647217007,36077,0.789826272646,Donald Trump
167,0.455348487511,0.194418565948,0.35023294654,36083,0.79868295851,Donald Trump
168,0.451809668762,0.21488773244,0.333302598798,36093,0.79964129738,Donald Trump
169,0.509746987291,0.0965253874862,0.393727625222,36095,0.767265006264,Donald Trump
170,0.555647829004,0.0672313263482,0.377120844648,36105,0.849562108861,Donald Trump
171,0.392938386211,0.310610843668,0.296450770122,36109,0.889763078074,Donald Trump
172,0.539809651267,0.129922759226,0.330267589507,36113,0.744698081501,Donald Trump
173,0.513470494628,0.0975999349952,0.388929570377,36115,0.787464486151,Donald Trump
174,0.453368699839,0.107855462156,0.438775838005,41001,0.804966840485,Donald Trump
175,0.495604439398,0.0993693445923,0.405026216009,41011,0.74586142055,Donald Trump
176,0.492788473524,0.0823343207834,0.424877205693,41013,0.821672191277,Donald Trump
177,0.482519592672,0.126217282962,0.391263124366,41019,0.849083824119,Donald Trump
178,0.478184674894,0.140626508655,0.38118881645,41023,0.94233059012,Donald Trump
179,0.492115640512,0.0910557734876,0.416828586001,41031,0.797006733778,Donald Trump
180,0.526477977219,0.0722908843071,0.401231138474,41035,0.87009643856,Donald Trump
181,0.523681355287,0.0833198896055,0.392998755108,41037,0.90263220614,Donald Trump
182,0.483157363233,0.115136284206,0.401706352561,41043,0.799955082889,Donald Trump
183,0.493933690969,0.0810594934804,0.42500681555,41045,0.936940708095,Donald Trump
184,0.482459242766,0.0857077826049,0.431832974629,41047,0.821459578528,Donald Trump
185,0.432982968912,0.0911090962472,0.475907934841,41049,0.648846178367,Ted Cruz
186,0.482427712246,0.0750694590252,0.442502828728,41055,0.801652125824,Donald Trump
187,0.486905408297,0.0606140792975,0.452480512405,41059,0.834587208162,Donald Trump
188,0.406430711767,0.129517074677,0.464052213556,41061,0.711431374969,Ted Cruz
189,0.507701998911,0.120213795152,0.372084205936,41063,0.885820990898,Donald Trump
190,0.4190740384,0.0698408500596,0.51108511154,41065,0.702829869707,Ted Cruz
191,0.477908773613,0.123462061081,0.398629165305,41069,0.887991252441,Donald Trump
192,0.524559195217,0.117667201247,0.357773603536,42001,0.712106501941,Donald Trump
193,0.425106927997,0.360532566974,0.214360505029,42003,1.03563853785,Donald Trump
194,0.446540075515,0.254675291566,0.298784632919,42009,0.896599856177,Donald Trump
195,0.518840660604,0.132261148336,0.34889819106,42011,0.799458254466,Donald Trump
196,0.456632418899,0.20264865369,0.340718927411,42015,0.847612959767,Donald Trump
197,0.352407170664,0.354430686962,0.293162142374,42019,0.914568780244,John Kasich
198,0.512167616283,0.138891041178,0.348941342538,42025,0.80163927804,Donald Trump
199,0.375932802078,0.23050634796,0.393560849962,42027,0.778197893198,Ted Cruz
200,0.464865556793,0.220048284584,0.315086158622,42037,0.857786923323,Donald Trump
201,0.445758202037,0.16676284134,0.387478956623,42041,0.697526361023,Donald Trump
202,0.41556525238,0.296485764696,0.287948982924,42043,0.88577782404,Donald Trump
203,0.460973547197,0.181757014826,0.357269437976,42055,0.76906156142,Donald Trump
204,0.485698142035,0.20337033083,0.310931527135,42057,0.855379125736,Donald Trump
205,0.504725590301,0.124135829873,0.371138579826,42067,0.825177806341,Donald Trump
206,0.404203643755,0.275071323047,0.320725033198,42069,0.829259678274,Donald Trump
207,0.442105945462,0.17316515243,0.384728902107,42071,0.741744870458,Donald Trump
208,0.494052776071,0.112131536575,0.393815687353,42075,0.675352319334,Donald Trump
209,0.536808802173,0.13495918787,0.328232009958,42077,0.749316437234,Donald Trump
210,0.502995746429,0.0670001322046,0.430004121366,42079,0.695707885575,Donald Trump
211,0.471095619703,0.154420725018,0.374483655279,42081,0.771189274727,Donald Trump
212,0.494712377268,0.0867006174629,0.418587005269,42089,0.727877349666,Donald Trump
213,0.422683076387,0.242096186734,0.335220736878,42093,0.806265116839,Donald Trump
214,0.47487500146,0.201968737367,0.323156261172,42099,0.828980561698,Donald Trump
215,0.55622926384,0.0946471151791,0.349123620981,42101,0.761805623741,Donald Trump
216,0.497265926674,0.0647224415585,0.438011631768,42103,0.704983663402,Donald Trump
217,0.456535578924,0.189404072184,0.354060348892,42109,0.814333974838,Donald Trump
218,0.541854496174,0.10648763902,0.351657864806,42113,0.762436930318,Donald Trump
219,0.495516923035,0.148972428243,0.355510648722,42115,0.772866277863,Donald Trump
220,0.510337767118,0.116272293341,0.373389939541,42119,0.735858583003,Donald Trump
221,0.406029859514,0.313930339743,0.280039800743,42125,0.91079490434,Donald Trump
222,0.545975126504,0.0855232764336,0.368501597062,42127,0.759087852375,Donald Trump
223,0.37207401779,0.308702326281,0.319223655929,42129,0.833159864264,Donald Trump
224,0.511660706695,0.169858395409,0.318480897896,42131,0.786138447844,Donald Trump
225,0.485809320941,0.13575746296,0.378433216099,42133,0.788020453986,Donald Trump
226,0.32456358246,0.151185144922,0.524251272618,46011,0.665920719432,Ted Cruz
227,0.484335227826,-0.0278623032593,0.543527075434,46013,0.566916315645,Ted Cruz
228,0.449273143876,0.183875802213,0.366851053911,46027,0.777892516903,Donald Trump
229,0.410963149654,0.101375629517,0.48766122083,46029,0.59220985015,Ted Cruz
230,0.516317349066,0.0400348380998,0.443647812834,46033,0.748826389453,Donald Trump
231,0.4103044195,0.23484230345,0.35485327705,46035,0.76165785711,Donald Trump
232,0.389057991927,0.0826000903571,0.528341917716,46065,0.59083360925,Ted Cruz
233,0.503725032077,0.0857798383953,0.410495129528,46081,0.766631294895,Donald Trump
234,0.358871244082,0.221001493105,0.420127262813,46083,0.733431020389,Ted Cruz
235,0.42754444986,0.159007297476,0.413448252664,46093,0.803523023094,Donald Trump
236,0.370982136478,0.103258212811,0.52575965071,46099,0.631876541733,Ted Cruz
237,0.485907567936,0.0727657953511,0.441326636713,46103,0.803788631421,Donald Trump
238,0.439039363746,0.149464651668,0.411495984587,46127,0.701824050122,Donald Trump
239,0.343772551611,0.239315167326,0.416912281063,46135,0.724597097649,Ted Cruz
240,0.526044291723,0.125815570291,0.348140137985,54003,0.789228709473,Donald Trump
241,0.4684648929,0.233094709189,0.298440397911,54027,0.905630700395,Donald Trump
242,0.487026563279,0.0674189226797,0.445554514041,54031,0.847560591792,Donald Trump
243,0.381492628886,0.337970019855,0.280537351259,54061,0.940234690806,Donald Trump
244,0.497899057608,0.211512719923,0.29058822247,54065,0.876748916855,Donald Trump
245,0.38166589996,0.332284455504,0.286049644536,54079,0.937309128279,Donald Trump
246,0.530661737067,0.0400973874067,0.429240875526,55001,0.733151082856,Donald Trump
247,0.459517850786,0.142627495836,0.397854653379,55005,0.774489790282,Donald Trump
248,0.459342190429,0.250841580031,0.28981622954,55007,0.917699944777,Donald Trump
249,0.354401471263,0.289836628697,0.35576190004,55009,0.849144972518,Ted Cruz
250,0.487593874053,0.147239553987,0.36516657196,55011,0.734231891835,Donald Trump
251,0.51632663158,0.145621033784,0.338052334636,55013,0.812780045179,Donald Trump
252,0.379665003648,0.264105218827,0.356229777525,55015,0.86827766205,Donald Trump
253,0.455088990119,0.173125469056,0.371785540825,55017,0.750243105723,Donald Trump
254,0.479693808201,0.125437742993,0.394868448806,55021,0.765048283158,Donald Trump
255,0.520344992517,0.100884446612,0.378770560871,55023,0.707861092341,Donald Trump
256,0.489620763753,0.103997200657,0.40638203559,55027,0.753646070602,Donald Trump
257,0.50382410266,0.187832323815,0.308343573525,55029,0.776142250612,Donald Trump
258,0.433326303533,0.22854762422,0.338126072247,55031,0.824927628199,Donald Trump
259,0.42317740916,0.200624609529,0.376197981312,55033,0.8030171448,Donald Trump
260,0.352275450477,0.237359617516,0.410364932006,55035,0.746331375803,Ted Cruz
261,0.453717142818,0.204444737343,0.341838119839,55037,0.790657246516,Donald Trump
262,0.426526656599,0.201822541343,0.371650802058,55039,0.750515099838,Donald Trump
263,0.471803949447,0.157886000448,0.370310050105,55041,0.867778334584,Donald Trump
264,0.428321187329,0.229234793803,0.342444018868,55043,0.802356521589,Donald Trump
265,0.474993986269,0.121073351176,0.403932662556,55045,0.714965154549,Donald Trump
266,0.482553276621,0.152514899412,0.364931823967,55047,0.734083029511,Donald Trump
267,0.435212657137,0.169315644018,0.395471698845,55049,0.730261556908,Donald Trump
268,0.500751956474,0.0772939784973,0.421954065028,55053,0.761568770616,Donald Trump
269,0.392094875559,0.251332456859,0.356572667582,55055,0.808596388503,Donald Trump
270,0.497167358778,0.177820867966,0.325011773256,55059,0.818322164702,Donald Trump
271,0.425144411676,0.221281937485,0.353573650839,55061,0.815454914589,Donald Trump
272,0.328485756959,0.394755245877,0.276758997164,55063,0.896325158346,John Kasich
273,0.446081894738,0.137317471789,0.416600633473,55065,0.826581473485,Donald Trump
274,0.534786634588,0.117286757869,0.347926607543,55069,0.723790649889,Donald Trump
275,0.401452875728,0.199668698003,0.398878426269,55071,0.757357151797,Donald Trump
276,0.389905064495,0.159077946486,0.451016989019,55073,0.736591299135,Ted Cruz
277,0.522186290238,0.101279967354,0.376533742408,55077,0.802301081705,Donald Trump
278,0.465033616259,0.210244708879,0.324721674862,55079,0.754501762086,Donald Trump
279,0.442873266895,0.118793279695,0.438333453409,55081,0.733110913759,Donald Trump
280,0.530911879164,0.0826377109458,0.38645040989,55083,0.699382843617,Donald Trump
281,0.478365066575,0.117507728789,0.404127204636,55085,0.663446904562,Donald Trump
282,0.389113533445,0.168370279813,0.442516186742,55087,0.701167590237,Ted Cruz
283,0.46717070179,0.237128316172,0.295700982038,55091,0.838908448147,Donald Trump
284,0.436535835387,0.20694791521,0.356516249404,55093,0.751411076917,Donald Trump
285,0.517110872319,0.0751213022497,0.407767825431,55095,0.731330664549,Donald Trump
286,0.342000896592,0.191749899506,0.466249203902,55097,0.759206040025,Ted Cruz
287,0.462206760075,0.215677337746,0.322115902179,55101,0.825679005739,Donald Trump
288,0.485896602356,0.12955650963,0.384546888014,55103,0.751007972014,Donald Trump
289,0.508034789073,0.0881231046068,0.40384210632,55105,0.715125476001,Donald Trump
290,0.417794731466,0.196510585719,0.385694682815,55109,0.754914909745,Donald Trump
291,0.481743516463,0.116129572511,0.402126911026,55111,0.766261492602,Donald Trump
292,0.469979954909,0.209793810696,0.320226234395,55113,0.871038999469,Donald Trump
293,0.468773272064,0.0858789127452,0.445347815191,55115,0.776345792312,Donald Trump
294,0.339098223191,0.275434607185,0.385467169624,55117,0.79453776721,Ted Cruz
295,0.427431905303,0.222354543273,0.350213551424,55119,0.824633362522,Donald Trump
296,0.42419063856,0.18405533377,0.39175402767,55121,0.792022510003,Donald Trump
297,0.42476667829,0.237572260067,0.337661061643,55123,0.855288960788,Donald Trump
298,0.470477477552,0.216391147128,0.313131375319,55125,0.804218437486,Donald Trump
299,0.479476354135,0.186345085446,0.334178560419,55127,0.822201733928,Donald Trump
300,0.534448513078,0.13496735072,0.330584136203,55129,0.761760767711,Donald Trump
301,0.429169957522,0.168167866675,0.402662175802,55135,0.795673394047,Donald Trump
302,0.527142704477,0.0812084904953,0.391648805028,55137,0.737389658297,Donald Trump
303,0.353067184953,0.321823595369,0.325109219678,55139,0.860403424387,Donald Trump
304,0.415479572015,0.229745792224,0.354774635761,55141,0.786216123408,Donald Trump
