Donald Trump,"LinearRegression(copy_X=True, fit_intercept=True, n_jobs=1, normalize=False)",-0.00681222164444
John Kasich,"GradientBoostingRegressor(alpha=0.9, init=None, learning_rate=0.1, loss='ls',
             max_depth=3, max_features=None, max_leaf_nodes=None,
             min_samples_leaf=1, min_samples_split=2,
             min_weight_fraction_leaf=0.0, n_estimators=100,
             presort='auto', random_state=None, subsample=1.0, verbose=0,
             warm_start=False)",-0.00810007345857
Ted Cruz,"AdaBoostRegressor(base_estimator=None, learning_rate=1.0, loss='linear',
         n_estimators=50, random_state=None)",-0.0132636145744
